"Df","Sum Sq","Mean Sq","F value","pvalue"
3,4605.13981008385,1535.04660336128,1.96780205285417,0.117920165648456
483,376779.518218362,780.081818257478,NA,NA
