mtry,train_AUC,test_AUC,Sens,Spec,ROCSD,SensSD,SpecSD
5230,0.5758875739644971,0.9356097560975609,0.4807692307692308,0.560989010989011,0.0933403482365428,0.1731955908475166,0.11409683132841957
2,0.44914060298675684,0.9278048780487804,0.3891025641025641,0.49615384615384617,0.129182752773998,0.1319277905680706,0.14872539182731115
