"Df","Sum Sq","Mean Sq","F value","pvalue"
3,555.197240873225,185.065746957742,2.31382667167058,0.075181201363832
483,38631.5694580754,79.9825454618538,NA,NA
