mtry,train_AUC,test_AUC,Sens,Spec,ROCSD,SensSD,SpecSD
5230,0.7230867346938775,0.9333333333333333,0.42857142857142855,0.8901098901098901,0.1321274358022522,0.08707582641861782,0.13325985174784796
5230,0.6971889717425431,0.9333333333333333,0.3267857142857143,0.9065934065934066,0.06569370413421391,0.10380037639907462,0.07551475504794251
