statistic,pvalue,model,scfa
3.07547578676147,0.214866603256982,class_train,acetate
1.81854598020359,0.402816969530319,class_train,butyrate
1.01254833276084,0.602737098600071,class_train,propionate
0.682477362761743,0.710889211936794,class_test,acetate
0.552115279976257,0.758769194053424,class_test,butyrate
0.383399470899471,0.825554716095443,class_test,propionate
