"Df","Sum Sq","Mean Sq","F value","pvalue"
3,56.9380653263785,18.9793551087928,2.30103501462831,0.0764517870136698
483,3983.87180519619,8.24818179129647,NA,NA
