"Df","Sum Sq","Mean Sq","F value","pvalue"
3,210.936535150858,70.3121783836193,0.741812678851793,0.527506209527317
483,45780.805757936,94.7842769315445,NA,NA
