scfa	p.value	method	adenoma	cancer	normal	cancer-adenoma	normal-adenoma	normal-cancer
acetate	0.1476366035108496	Kruskal-Wallis rank sum test	49.64322310186354	48.244184696556204	47.19618793722626	0.7409617898784229	0.16571830391321218	0.29380976319214536
butyrate	0.22169415310510993	Kruskal-Wallis rank sum test	12.704650978602137	12.119570948271214	10.997775399881636	0.594824402031046	0.23810689802472734	0.5267082752732439
propionate	0.6550250422470624	Kruskal-Wallis rank sum test	15.15841522044109	15.510204524755649	15.199759345279292	0.8930881550541224	0.6498524014987805	0.6498524014987805
pooled	0.21620323301040062	Kruskal-Wallis rank sum test	118.07400647855212	115.62330659088114	110.58903282742975	0.6690900430005553	0.25529905886176874	0.40904218662945535
total	0.18943886039732022	Kruskal-Wallis rank sum test	77.50628930090676	75.87396016958307	73.39372268238719	0.7189369401348935	0.22236159961746144	0.34933064519919527
rel_acetate	0.5712781200176182	Kruskal-Wallis rank sum test	0.6461210897195638	0.6422522332313549	0.6396176636916784	0.6895563263319048	0.6895563263319048	0.6895563263319048
rel_butyrate	0.7653599105015788	Kruskal-Wallis rank sum test	0.15282979989125753	0.15019572653634786	0.1487504884701743	0.8340123576411418	0.8340123576411418	0.8340123576411418
rel_propionate	0.24520941959160994	Kruskal-Wallis rank sum test	0.20104911038917858	0.20755204023229726	0.21163184783814734	0.2737248295220424	0.2737248295220424	0.9936118791656798
