scfa	dx	estimate	p.value	conf.low	conf.high	method
acetate	cancer	2.9994062816204607	0.5077039599418639	-7.802628954611194	12.891563339961504	Wilcoxon signed rank test
acetate	adenoma	-5.11456873440585	0.21498658660857475	-11.534427671260447	2.652585844384749	Wilcoxon signed rank test
butyrate	cancer	-0.25171107821174465	0.8553357124328618	-3.784306863242955	3.46076067011208	Wilcoxon signed rank test
butyrate	adenoma	-1.75325259236728	0.10149110014026529	-3.6710929648665296	0.38667272749162507	Wilcoxon signed rank test
isobutyrate	adenoma	-0.04312234973541054	0.8778985550743532	-0.6451182076034851	0.5051508406433951	Wilcoxon signed rank test
isobutyrate	cancer	1.03813264754558	0.0012379884719848652	0.500625447446155	1.627612240362748	Wilcoxon signed rank test
propionate	cancer	-0.39605909001410966	0.853199541568756	-3.391218620187159	2.7520869655204	Wilcoxon signed rank test
propionate	adenoma	-1.6782609504797321	0.05805963973034531	-3.6202389427613504	0.07165737667774996	Wilcoxon signed rank test
